COPY colonies (locid, system, race, resource) FROM stdin;
232	Achernar	Spider	Boardgames
239	Achernar	Tiger	Steely Knives (!)
321	Achernar	Rat	Beards
135	Adhara	Fish	Xylophones
247	Adhara	Troll	Hankies
258	Adhara	Turtle	Elvis Memorabilia
325	Adhara	Snake	Surprises
118	Alcor	Dog	Fudge
290	Alcor	Hamster	Elvis Memorabilia
326	Alcor	Snake	Web Pages
327	Alcor	Snake	Xylophones
125	Aldebaran	Elf	Ninja Beer
131	Aldebaran	Elf	Lists
136	Aldebaran	Fish	Boardgames
152	Aldebaran	Kangaroo	Hats
188	Aldebaran	Penguin	Puddings
219	Aldebaran	Rabbit	Mittens
328	Aldebaran	Snake	Boardgames
102	Algol	Bird	Web Pages
105	Algol	Bird	Eye Robots
218	Algol	Rabbit	Marzipan
121	Alioth	Dog	Jumpers
168	Alioth	Lobster	Boardgames
276	Alioth	Zebra	Scrap
320	Alioth	Rat	Snowmen
324	Alioth	Snake	Videos
278	Alnitak	Zebra	Fudge
169	Alphard	Lobster	Eye Robots
203	Alphard	Pig	New Tricks
209	Alphard	Pixie	Sharp Sticks (!)
130	Altair	Elf	Elvis Memorabilia
164	Altair	Lobster	Videos
184	Altair	Otter	Hats
286	Altair	Hamster	Tea
97	Antares	Beetle	Beards
141	Antares	Groundhog	Quad Trees
161	Antares	Lizard	Beards
163	Antares	Lizard	Lists
200	Antares	Pig	Boardgames
223	Antares	Sloth	Winegums
269	Antares	Wasp	Quad Trees
284	Antares	Hamster	Puddings
314	Antares	Goblin	Marzipan
154	Arcturus	Kangaroo	Marzipan
264	Arcturus	Vole	Boardgames
85	Aurigae	Ant	Chocolate
129	Aurigae	Elf	Beards
132	Aurigae	Fish	Videos
155	Aurigae	Kangaroo	Mittens
285	Aurigae	Hamster	Ninja Beer
311	Aurigae	Goblin	Hankies
98	Betelgeuse	Beetle	Elvis Memorabilia
103	Betelgeuse	Bird	Xylophones
117	Betelgeuse	Dog	Chocolate
120	Bootis	Dog	Hats
256	Bootis	Turtle	Snowmen
159	Canis	Lizard	Winegums
272	Canis	Wasp	Ray-guns (!)
287	Canis	Hamster	Winegums
126	Canopus	Elf	Tea
158	Canopus	Lizard	Tea
207	Canopus	Pixie	Steely Knives (!)
300	Canopus	Worm	Old Songs
308	Canopus	Goblin	Scrap
133	Capella	Fish	Surprises
252	Capella	Turtle	Puddings
315	Capella	Goblin	Mittens
90	Caph	Ant	Marzipan
124	Caph	Elf	Puddings
138	Caph	Fish	Emperors' New Clothes
196	Caph	Pig	Videos
109	Castor	Cat	Quad Trees
175	Castor	Monkey	Steely Knives (!)
226	Castor	Sloth	Elvis Memorabilia
234	Castor	Spider	Emperors' New Clothes
251	Castor	Troll	Mittens
298	Castor	Squirrel	Emperors' New Clothes
165	Centauri	Lobster	Surprises
167	Centauri	Lobster	Xylophones
245	Centauri	Troll	Chocolate
281	Centauri	Zebra	Jumpers
111	Cephei	Cat	Steely Knives (!)
140	Cephei	Groundhog	Old Songs
156	Cephei	Lizard	Puddings
178	Cephei	Monkey	Euphoria (!)
227	Cephei	Sloth	Lists
262	Cephei	Vole	Web Pages
293	Cephei	Squirrel	Surprises
101	Ceti	Bird	Surprises
157	Ceti	Lizard	Ninja Beer
86	Cygni	Ant	Fudge
113	Cygni	Cat	Sharp Sticks (!)
143	Cygni	Groundhog	Steely Knives (!)
213	Cygni	Rabbit	Chocolate
119	Deneb	Dog	Hankies
193	Deneb	Penguin	Beards
206	Deneb	Pixie	Dilithium
222	Deneb	Sloth	Tea
307	Deneb	Worm	Windows (!)
106	Diphda	Bird	Emperors' New Clothes
145	Diphda	Groundhog	Sharp Sticks (!)
147	Diphda	Groundhog	Windows (!)
172	Diphda	Monkey	Old Songs
201	Diphda	Pig	Eye Robots
231	Diphda	Spider	Xylophones
339	Diphda	Weasel	Windows (!)
179	Eridani	Monkey	Windows (!)
236	Eridani	Tiger	Old Songs
197	Fomalhaut	Pig	Surprises
243	Fomalhaut	Tiger	Windows (!)
254	Fomalhaut	Turtle	Tea
190	Hamal	Penguin	Tea
221	Hamal	Sloth	Ninja Beer
242	Hamal	Tiger	Euphoria (!)
316	Hamal	Rat	Puddings
108	Hydrae	Cat	Old Songs
170	Hydrae	Lobster	Emperors' New Clothes
302	Hydrae	Worm	Dilithium
312	Hydrae	Goblin	Hats
335	Hydrae	Weasel	Steely Knives (!)
337	Hydrae	Weasel	Sharp Sticks (!)
123	Indi	Dog	Mittens
139	Indi	Fish	New Tricks
153	Indi	Kangaroo	Jumpers
292	Indi	Squirrel	Videos
294	Indi	Squirrel	Web Pages
299	Indi	Squirrel	New Tricks
301	Indi	Worm	Quad Trees
134	Kapetyn	Fish	Web Pages
330	Kapetyn	Snake	Emperors' New Clothes
162	Kochab	Lizard	Elvis Memorabilia
225	Kochab	Sloth	Beards
248	Kochab	Troll	Hats
253	Kochab	Turtle	Ninja Beer
146	Kruger	Groundhog	Euphoria (!)
309	Kruger	Goblin	Chocolate
313	Kruger	Goblin	Jumpers
127	Lupi	Elf	Winegums
189	Lupi	Penguin	Ninja Beer
257	Lupi	Turtle	Beards
273	Lupi	Wasp	Sharp Sticks (!)
310	Lupi	Goblin	Fudge
100	Lyrae	Bird	Videos
205	Lyrae	Pixie	Quad Trees
260	Lyrae	Vole	Videos
282	Lyrae	Zebra	Marzipan
305	Lyrae	Worm	Sharp Sticks (!)
317	Lyrae	Rat	Ninja Beer
332	Lyrae	Weasel	Old Songs
116	Markab	Dog	Scrap
149	Markab	Kangaroo	Chocolate
215	Markab	Rabbit	Hankies
237	Markab	Tiger	Quad Trees
183	Merak	Otter	Hankies
283	Merak	Zebra	Mittens
306	Merak	Worm	Euphoria (!)
122	Mira	Dog	Marzipan
274	Mirfak	Wasp	Euphoria (!)
331	Mirfak	Snake	New Tricks
182	Mizar	Otter	Fudge
249	Mizar	Troll	Jumpers
322	Mizar	Rat	Elvis Memorabilia
87	Olympus	Ant	Hankies
95	Olympus	Beetle	Winegums
115	Olympus	Cat	Windows (!)
148	Olympus	Kangaroo	Scrap
166	Olympus	Lobster	Web Pages
173	Olympus	Monkey	Quad Trees
199	Olympus	Pig	Xylophones
214	Olympus	Rabbit	Fudge
220	Olympus	Sloth	Puddings
229	Olympus	Spider	Surprises
241	Olympus	Tiger	Sharp Sticks (!)
250	Olympus	Troll	Marzipan
265	Olympus	Vole	Eye Robots
268	Olympus	Wasp	Old Songs
289	Olympus	Hamster	Beards
304	Olympus	Worm	Ray-guns (!)
323	Olympus	Rat	Lists
334	Olympus	Weasel	Dilithium
195	Ophiuchi	Penguin	Lists
217	Ophiuchi	Rabbit	Jumpers
228	Ophiuchi	Spider	Videos
176	Pherda	Monkey	Ray-guns (!)
187	Pherda	Otter	Mittens
208	Pherda	Pixie	Ray-guns (!)
270	Pherda	Wasp	Dilithium
279	Pherda	Zebra	Hankies
185	Polaris	Otter	Jumpers
267	Polaris	Vole	New Tricks
211	Pollux	Pixie	Windows (!)
277	Pollux	Zebra	Chocolate
295	Pollux	Squirrel	Xylophones
297	Pollux	Squirrel	Eye Robots
160	Procyon	Lizard	Snowmen
230	Procyon	Spider	Web Pages
110	Rastaban	Cat	Dilithium
112	Rastaban	Cat	Ray-guns (!)
191	Rastaban	Penguin	Winegums
202	Rastaban	Pig	Emperors' New Clothes
259	Rastaban	Turtle	Lists
266	Rastaban	Vole	Emperors' New Clothes
91	Regulus	Ant	Mittens
142	Regulus	Groundhog	Dilithium
151	Regulus	Kangaroo	Hankies
180	Regulus	Otter	Scrap
263	Regulus	Vole	Xylophones
336	Regulus	Weasel	Ray-guns (!)
186	Rigel	Otter	Marzipan
318	Rigel	Rat	Tea
92	Ross	Beetle	Puddings
107	Ross	Bird	New Tricks
84	Sadir	Ant	Scrap
114	Sadir	Cat	Euphoria (!)
150	Sadir	Kangaroo	Fudge
212	Sadir	Rabbit	Scrap
224	Sadir	Sloth	Snowmen
319	Sadir	Rat	Winegums
333	Sadir	Weasel	Quad Trees
96	Schedar	Beetle	Snowmen
288	Schedar	Hamster	Snowmen
291	Schedar	Hamster	Lists
93	Scorpii	Beetle	Ninja Beer
128	Scorpii	Elf	Snowmen
144	Scorpii	Groundhog	Ray-guns (!)
280	Scorpii	Zebra	Hats
296	Scorpii	Squirrel	Boardgames
89	Sirius	Ant	Jumpers
99	Sirius	Beetle	Lists
181	Sirius	Otter	Chocolate
303	Sirius	Worm	Steely Knives (!)
271	Spica	Wasp	Steely Knives (!)
275	Spica	Wasp	Windows (!)
137	Tauri	Fish	Eye Robots
210	Tauri	Pixie	Euphoria (!)
216	Tauri	Rabbit	Hats
255	Tauri	Turtle	Winegums
261	Tauri	Vole	Surprises
94	Thuban	Beetle	Tea
233	Thuban	Spider	Eye Robots
194	Vega	Penguin	Elvis Memorabilia
204	Vega	Pixie	Old Songs
240	Vega	Tiger	Ray-guns (!)
88	Wezen	Ant	Hats
104	Wezen	Bird	Boardgames
171	Wezen	Lobster	New Tricks
244	Wolf	Troll	Scrap
246	Wolf	Troll	Fudge
329	Wolf	Snake	Eye Robots
338	Wolf	Weasel	Euphoria (!)
174	Zosca	Monkey	Dilithium
177	Zosca	Monkey	Sharp Sticks (!)
192	Zosca	Penguin	Snowmen
198	Zosca	Pig	Web Pages
235	Zosca	Spider	New Tricks
238	Zosca	Tiger	Dilithium
\.

COPY factories (locid, system, resource, price) FROM stdin;
608	Achernar	Snowmen	100
596	Adhara	Scrap	25
624	Algol	Ray-guns (!)	400
603	Altair	Mittens	75
625	Arcturus	Sharp Sticks (!)	400
605	Aurigae	Ninja Beer	100
614	Barnard	Web Pages	150
602	Canis	Marzipan	75
610	Centauri	Elvis Memorabilia	100
613	Cephei	Surprises	125
621	Ceti	Quad Trees	250
599	Crucis	Hankies	50
607	Cygni	Winegums	100
604	Draconis	Puddings	100
612	Eridani	Videos	125
609	Hamal	Beards	100
598	Hydrae	Fudge	50
616	Indi	Boardgames	200
626	Kapetyn	Euphoria (!)	500
600	Kruger	Hats	75
622	Lalande	Dilithium	250
597	Merak	Chocolate	50
617	Mirfak	Eye Robots	200
618	Polaris	Emperors' New Clothes	200
611	Procyon	Lists	125
606	Rastaban	Tea	100
620	Regulus	Old Songs	250
615	Spica	Xylophones	150
627	Tauri	Windows (!)	500
623	Thuban	Steely Knives (!)	400
601	Vega	Jumpers	75
619	Zosca	New Tricks	250
\.

COPY systemcoords (system, x, y, destnum) FROM stdin;
Star #63	13	20	127
Mira	29	14	41
Caph	13	32	18
Kochab	6	20	34
Indi	19	56	32
Hamal	18	28	30
Star #30	0	2	94
Alioth	9	3	5
Star #31	21	50	95
Mizar	0	14	43
Star #32	10	31	96
Star #33	2	32	97
Rigel	12	10	51
Alnitak	24	13	6
Ceti	14	35	22
Star #34	27	47	98
Star #35	8	49	99
Star #36	2	47	100
Star #37	18	57	101
Centauri	24	57	20
Alcor	0	32	2
Star #38	14	1	102
Star #39	17	29	103
Crucis	25	20	23
Sadir	23	53	53
Algol	8	7	4
Lupi	3	6	37
Tauri	11	15	58
Barnard	19	14	12
Cephei	20	33	21
Altair	8	34	8
Antares	21	39	9
Hydrae	3	16	31
Spica	18	15	57
Canis	6	59	15
Markab	7	21	39
Sirius	12	58	56
Aldebaran	12	46	3
Wolf	11	41	62
Aurigae	23	35	11
Pollux	29	27	47
Draconis	9	19	27
Star #40	11	26	104
Star #42	4	32	106
Star #43	8	24	107
Polaris	19	0	46
Star #44	16	49	108
Star #45	18	4	109
Arcturus	10	55	10
Thuban	15	8	59
Star #46	13	56	110
Wezen	18	39	61
Star #47	17	0	111
Star #48	28	35	112
Alphard	4	45	7
Canopus	12	20	16
Star #49	10	0	113
Procyon	25	35	48
Lalande	20	10	36
Eridani	29	56	28
Regulus	5	36	50
Star #10	12	31	74
Star #11	5	15	75
Capella	9	29	17
Star #12	6	47	76
Ophiuchi	24	38	44
Kruger	16	9	35
Star #13	6	31	77
Star #14	14	20	78
Star #15	25	7	79
Star #16	22	38	80
Star #17	9	49	81
Star #50	27	9	114
Star #18	26	6	82
Star #19	5	54	83
Star #51	13	44	115
Star #52	4	57	116
Ross	28	57	52
Star #53	27	31	117
Star #54	21	1	118
Star #55	13	8	119
Star #56	17	57	120
Zosca	0	55	63
Star #41	2	58	105
Rastaban	19	39	49
Star #57	26	45	121
Star #58	1	15	122
Castor	21	14	19
Vega	28	1	60
Star #59	25	49	123
Achernar	26	20	0
Olympus	15	35	-2
Bootis	10	20	14
Merak	20	51	40
Schedar	23	10	54
Kapetyn	2	11	33
Fomalhaut	11	4	29
Scorpii	22	17	55
Deneb	5	4	25
Lyrae	22	49	38
Betelgeuse	28	19	13
Pherda	15	20	45
Star #0	27	20	64
Star #1	16	30	65
Star #20	3	55	84
Star #2	17	16	66
Star #3	1	4	67
Adhara	3	38	1
Star #21	7	41	85
Mirfak	6	8	42
Star #4	26	31	68
Star #22	1	49	86
Star #5	21	29	69
Star #6	19	58	70
Star #23	22	1	87
Star #7	10	44	71
Star #24	28	46	88
Star #25	1	26	89
Star #8	19	26	72
Diphda	14	47	26
Star #9	7	5	73
Star #26	15	36	90
Star #27	15	55	91
Star #60	2	1	124
Star #28	14	58	92
Cygni	4	8	24
Star #61	23	22	125
Star #29	17	46	93
Star #62	24	26	126
\.

COPY stargates (system1, system2, "key") FROM stdin;
Achernar	Procyon	0
Adhara	Alioth	4
Adhara	Ceti	7
Alcor	Star #16	2
Aldebaran	Capella	2
Aldebaran	Star #55	4
Algol	Spica	5
Alioth	Adhara	4
Alioth	Kruger	6
Alnitak	Zosca	1
Alphard	Fomalhaut	2
Alphard	Sirius	7
Altair	Castor	3
Altair	Merak	0
Antares	Diphda	3
Antares	Thuban	2
Arcturus	Betelgeuse	7
Arcturus	Star #47	5
Aurigae	Mizar	0
Aurigae	Pollux	4
Aurigae	Star #36	7
Barnard	Star #14	2
Betelgeuse	Arcturus	7
Bootis	Crucis	1
Bootis	Star #35	5
Canis	Cygni	7
Canopus	Mirfak	2
Canopus	Spica	1
Capella	Aldebaran	2
Caph	Lupi	7
Caph	Star #36	6
Castor	Altair	3
Castor	Star #50	1
Centauri	Vega	0
Cephei	Star #24	5
Ceti	Adhara	7
Ceti	Markab	1
Crucis	Bootis	1
Cygni	Canis	7
Cygni	Star #62	6
Deneb	Rastaban	0
Deneb	Star #12	5
Diphda	Antares	3
Diphda	Lyrae	4
Draconis	Kapetyn	2
Draconis	Star #12	7
Eridani	Star #4	0
Fomalhaut	Alphard	2
Hamal	Kochab	4
Hamal	Sadir	3
Hydrae	Star #22	1
Hydrae	Sirius	7
Indi	Polaris	6
Kapetyn	Draconis	2
Kochab	Hamal	4
Kruger	Alioth	6
Kruger	Star #55	4
Lalande	Star #5	1
Lupi	Caph	7
Lyrae	Diphda	4
Lyrae	Thuban	5
Markab	Ceti	1
Markab	Scorpii	0
Merak	Altair	0
Merak	Zosca	7
Mira	Thuban	2
Mirfak	Canopus	2
Mizar	Aurigae	0
Mizar	Polaris	5
Mizar	Ross	7
Ophiuchi	Star #25	5
Pherda	Thuban	6
Polaris	Indi	6
Polaris	Mizar	5
Polaris	Spica	7
Pollux	Aurigae	4
Pollux	Regulus	5
Procyon	Achernar	0
Procyon	Star #63	7
Rastaban	Deneb	0
Regulus	Pollux	5
Rigel	Star #27	0
Ross	Mizar	7
Star #1	Wolf	7
Star #12	Deneb	5
Star #12	Draconis	7
Star #14	Barnard	2
Star #16	Alcor	2
Star #22	Hydrae	1
Star #24	Cephei	5
Star #25	Ophiuchi	5
Star #27	Rigel	0
Star #31	Tauri	5
Star #35	Bootis	5
Star #36	Aurigae	7
Star #36	Caph	6
Star #4	Eridani	0
Star #40	Schedar	6
Star #47	Arcturus	5
Star #48	Wezen	5
Star #5	Lalande	1
Star #50	Castor	1
Star #54	Vega	2
Star #55	Aldebaran	4
Star #55	Kruger	4
Star #62	Cygni	6
Star #63	Procyon	7
Sadir	Hamal	3
Sadir	Wezen	0
Schedar	Star #40	6
Scorpii	Markab	0
Sirius	Alphard	7
Sirius	Hydrae	7
Spica	Algol	5
Spica	Canopus	1
Spica	Polaris	7
Tauri	Star #31	5
Thuban	Antares	2
Thuban	Lyrae	5
Thuban	Mira	2
Thuban	Pherda	6
Vega	Centauri	0
Vega	Star #54	2
Wezen	Star #48	5
Wezen	Sadir	0
Wolf	Star #1	7
Zosca	Alnitak	1
Zosca	Merak	7
\.

COPY aliens (race, alignment, system, area, skilllevel) FROM stdin;
Ant	Neutral	Hamal	Engineering	1
Beetle	Neutral	Draconis	Science	1
Spider	Neutral	Caph	Engineering	1
Wasp	Neutral	Kochab	Engineering	1
Worm	Chaotic	Sadir	Weaponry	1
Bird	Neutral	Centauri	Medical	2
Fish	Neutral	Alnitak	Engineering	2
Hamster	Chaotic	Mirfak	Weaponry	2
Lizard	Neutral	Zosca	Engineering	2
Pig	Neutral	Merak	Medical	2
Rabbit	Neutral	Pherda	Medical	2
Rat	Hostile	Alcor	Weaponry	2
Sloth	Neutral	Polaris	Medical	2
Squirrel	Chaotic	Ross	Weaponry	2
Vole	Neutral	Indi	Science	2
Cat	Friendly	Algol	Science	3
Dog	Neutral	Crucis	Science	3
Groundhog	Neutral	Thuban	Medical	3
Kangaroo	Neutral	Regulus	Medical	3
Lobster	Neutral	Castor	Engineering	3
Monkey	Neutral	Kapetyn	Science	3
Otter	Neutral	Bootis	Science	3
Penguin	Neutral	Alioth	Science	3
Snake	Hostile	Sirius	Weaponry	3
Tiger	Friendly	Canis	Weaponry	3
Turtle	Neutral	Capella	Science	3
Weasel	Hostile	Aurigae	Weaponry	3
Zebra	Neutral	Tauri	Engineering	3
Goblin	Hostile	Markab	Weaponry	4
Pixie	Friendly	Hydrae	Medical	4
Troll	Neutral	Schedar	Engineering	4
Elf	Friendly	Betelgeuse	Medical	5
\.
